<?xml version="1.0" encoding="UTF-8"?>
<metadata xml:lang="en"><Esri><CreaDate>20161017</CreaDate><CreaTime>15462600</CreaTime><ArcGISFormat>1.0</ArcGISFormat><SyncOnce>FALSE</SyncOnce><DataProperties><itemProps><itemName Sync="TRUE">eez_lr_v9</itemName><imsContentType Sync="TRUE">002</imsContentType><nativeExtBox><westBL Sync="TRUE">-180.000000</westBL><eastBL Sync="TRUE">180.000000</eastBL><southBL Sync="TRUE">-85.562500</southBL><northBL Sync="TRUE">86.994005</northBL><exTypeCode Sync="TRUE">1</exTypeCode></nativeExtBox><itemSize Sync="TRUE">0.000</itemSize><itemLocation><linkage Sync="TRUE">file://\\fs\shared\datac\Geo\marbound\versioning\v9\Publish\lr\eez_lr_v9.shp</linkage><protocol Sync="TRUE">Local Area Network</protocol></itemLocation></itemProps><coordRef><type Sync="TRUE">Geographic</type><geogcsn Sync="TRUE">GCS_WGS_1984</geogcsn><csUnits Sync="TRUE">Angular Unit: Degree (0.017453)</csUnits><peXml Sync="TRUE">&lt;GeographicCoordinateSystem xsi:type='typens:GeographicCoordinateSystem' xmlns:xsi='http://www.w3.org/2001/XMLSchema-instance' xmlns:xs='http://www.w3.org/2001/XMLSchema' xmlns:typens='http://www.esri.com/schemas/ArcGIS/10.4'&gt;&lt;WKT&gt;GEOGCS[&amp;quot;GCS_WGS_1984&amp;quot;,DATUM[&amp;quot;D_WGS_1984&amp;quot;,SPHEROID[&amp;quot;WGS_1984&amp;quot;,6378137.0,298.257223563]],PRIMEM[&amp;quot;Greenwich&amp;quot;,0.0],UNIT[&amp;quot;Degree&amp;quot;,0.0174532925199433],AUTHORITY[&amp;quot;EPSG&amp;quot;,4326]]&lt;/WKT&gt;&lt;XOrigin&gt;-400&lt;/XOrigin&gt;&lt;YOrigin&gt;-400&lt;/YOrigin&gt;&lt;XYScale&gt;11258999068426.238&lt;/XYScale&gt;&lt;ZOrigin&gt;-100000&lt;/ZOrigin&gt;&lt;ZScale&gt;10000&lt;/ZScale&gt;&lt;MOrigin&gt;-100000&lt;/MOrigin&gt;&lt;MScale&gt;10000&lt;/MScale&gt;&lt;XYTolerance&gt;8.983152841195215e-009&lt;/XYTolerance&gt;&lt;ZTolerance&gt;0.001&lt;/ZTolerance&gt;&lt;MTolerance&gt;0.001&lt;/MTolerance&gt;&lt;HighPrecision&gt;true&lt;/HighPrecision&gt;&lt;LeftLongitude&gt;-180&lt;/LeftLongitude&gt;&lt;WKID&gt;4326&lt;/WKID&gt;&lt;LatestWKID&gt;4326&lt;/LatestWKID&gt;&lt;/GeographicCoordinateSystem&gt;</peXml></coordRef><lineage><Process ToolSource="c:\program files (x86)\arcgis\desktop10.4\ArcToolbox\Toolboxes\Data Management Tools.tbx\Merge" Date="20161019" Time="113237">Merge copy_eez;eez_lr_bend_06_01_005_01 S:\datac\Geo\marbound\versioning\v9\Publish\lr\eez_lr_bend_06_01_005_01_all.shp "PolygonID "PolygonID" true true false 10 Long 0 10 ,First,#,copy_eez,PolygonID,-1,-1,eez_lr_bend_06_01_005_01,PolygonID,-1,-1;MRGID "MRGID" true true false 10 Long 0 10 ,First,#,copy_eez,MRGID,-1,-1,eez_lr_bend_06_01_005_01,MRGID,-1,-1;GeoName "GeoName" true true false 254 Text 0 0 ,First,#,copy_eez,GeoName,-1,-1,eez_lr_bend_06_01_005_01,GeoName,-1,-1;Pol_type "Pol_type" true true false 254 Text 0 0 ,First,#,copy_eez,Pol_type,-1,-1,eez_lr_bend_06_01_005_01,Pol_type,-1,-1;MRGID_Ter1 "MRGID_Ter1" true true false 10 Long 0 10 ,First,#,copy_eez,MRGID_Ter1,-1,-1,eez_lr_bend_06_01_005_01,MRGID_Ter1,-1,-1;Territory1 "Territory1" true true false 254 Text 0 0 ,First,#,copy_eez,Territory1,-1,-1,eez_lr_bend_06_01_005_01,Territory1,-1,-1;MRGID_Sov1 "MRGID_Sov1" true true false 10 Long 0 10 ,First,#,copy_eez,MRGID_Sov1,-1,-1,eez_lr_bend_06_01_005_01,MRGID_Sov1,-1,-1;Sovereign1 "Sovereign1" true true false 254 Text 0 0 ,First,#,copy_eez,Sovereign1,-1,-1,eez_lr_bend_06_01_005_01,Sovereign1,-1,-1;ISO_Ter1 "ISO_Ter1" true true false 254 Text 0 0 ,First,#,copy_eez,ISO_Ter1,-1,-1,eez_lr_bend_06_01_005_01,ISO_Ter1,-1,-1;MRGID_Ter2 "MRGID_Ter2" true true false 10 Long 0 10 ,First,#,copy_eez,MRGID_Ter2,-1,-1,eez_lr_bend_06_01_005_01,MRGID_Ter2,-1,-1;Territory2 "Territory2" true true false 254 Text 0 0 ,First,#,copy_eez,Territory2,-1,-1,eez_lr_bend_06_01_005_01,Territory2,-1,-1;MRGID_Sov2 "MRGID_Sov2" true true false 10 Long 0 10 ,First,#,copy_eez,MRGID_Sov2,-1,-1,eez_lr_bend_06_01_005_01,MRGID_Sov2,-1,-1;Sovereign2 "Sovereign2" true true false 254 Text 0 0 ,First,#,copy_eez,Sovereign2,-1,-1,eez_lr_bend_06_01_005_01,Sovereign2,-1,-1;ISO_Ter2 "ISO_Ter2" true true false 254 Text 0 0 ,First,#,copy_eez,ISO_Ter2,-1,-1,eez_lr_bend_06_01_005_01,ISO_Ter2,-1,-1;MRGID_Ter3 "MRGID_Ter3" true true false 10 Long 0 10 ,First,#,copy_eez,MRGID_Ter3,-1,-1,eez_lr_bend_06_01_005_01,MRGID_Ter3,-1,-1;Territory3 "Territory3" true true false 254 Text 0 0 ,First,#,copy_eez,Territory3,-1,-1,eez_lr_bend_06_01_005_01,Territory3,-1,-1;MRGID_Sov3 "MRGID_Sov3" true true false 10 Long 0 10 ,First,#,copy_eez,MRGID_Sov3,-1,-1,eez_lr_bend_06_01_005_01,MRGID_Sov3,-1,-1;Sovereign3 "Sovereign3" true true false 254 Text 0 0 ,First,#,copy_eez,Sovereign3,-1,-1,eez_lr_bend_06_01_005_01,Sovereign3,-1,-1;ISO_Ter3 "ISO_Ter3" true true false 254 Text 0 0 ,First,#,copy_eez,ISO_Ter3,-1,-1,eez_lr_bend_06_01_005_01,ISO_Ter3,-1,-1;x_1 "x_1" true true false 19 Double 0 0 ,First,#,copy_eez,x_1,-1,-1,eez_lr_bend_06_01_005_01,x_1,-1,-1;y_1 "y_1" true true false 19 Double 0 0 ,First,#,copy_eez,y_1,-1,-1,eez_lr_bend_06_01_005_01,y_1,-1,-1;Area_km2 "Area_km2" true true false 19 Double 0 0 ,First,#,copy_eez,Area_km2,-1,-1,eez_lr_bend_06_01_005_01,Area_km2,-1,-1;MRGID_EEZ "MRGID_EEZ" true true false 10 Long 0 10 ,First,#,copy_eez,MRGID_EEZ,-1,-1,eez_lr_bend_06_01_005_01,MRGID_EEZ,-1,-1;perimeter "perimeter" true true false 19 Double 0 0 ,First,#,copy_eez,perimeter,-1,-1,eez_lr_bend_06_01_005_01,perimeter,-1,-1"</Process><Process ToolSource="c:\program files (x86)\arcgis\desktop10.4\ArcToolbox\Toolboxes\Data Management Tools.tbx\Merge" Date="20161019" Time="153403">Merge eez_lr_bend_06_01_005_01_all;copy_eez S:\datac\Geo\marbound\versioning\v9\Publish\lr\eez_lr_v9.shp "PolygonID "PolygonID" true true false 10 Long 0 10 ,First,#,eez_lr_bend_06_01_005_01_all,PolygonID,-1,-1,copy_eez,PolygonID,-1,-1;MRGID "MRGID" true true false 10 Long 0 10 ,First,#,eez_lr_bend_06_01_005_01_all,MRGID,-1,-1,copy_eez,MRGID,-1,-1;GeoName "GeoName" true true false 254 Text 0 0 ,First,#,eez_lr_bend_06_01_005_01_all,GeoName,-1,-1,copy_eez,GeoName,-1,-1;Pol_type "Pol_type" true true false 254 Text 0 0 ,First,#,eez_lr_bend_06_01_005_01_all,Pol_type,-1,-1,copy_eez,Pol_type,-1,-1;MRGID_Ter1 "MRGID_Ter1" true true false 10 Long 0 10 ,First,#,eez_lr_bend_06_01_005_01_all,MRGID_Ter1,-1,-1,copy_eez,MRGID_Ter1,-1,-1;Territory1 "Territory1" true true false 254 Text 0 0 ,First,#,eez_lr_bend_06_01_005_01_all,Territory1,-1,-1,copy_eez,Territory1,-1,-1;MRGID_Sov1 "MRGID_Sov1" true true false 10 Long 0 10 ,First,#,eez_lr_bend_06_01_005_01_all,MRGID_Sov1,-1,-1,copy_eez,MRGID_Sov1,-1,-1;Sovereign1 "Sovereign1" true true false 254 Text 0 0 ,First,#,eez_lr_bend_06_01_005_01_all,Sovereign1,-1,-1,copy_eez,Sovereign1,-1,-1;ISO_Ter1 "ISO_Ter1" true true false 254 Text 0 0 ,First,#,eez_lr_bend_06_01_005_01_all,ISO_Ter1,-1,-1,copy_eez,ISO_Ter1,-1,-1;MRGID_Ter2 "MRGID_Ter2" true true false 10 Long 0 10 ,First,#,eez_lr_bend_06_01_005_01_all,MRGID_Ter2,-1,-1,copy_eez,MRGID_Ter2,-1,-1;Territory2 "Territory2" true true false 254 Text 0 0 ,First,#,eez_lr_bend_06_01_005_01_all,Territory2,-1,-1,copy_eez,Territory2,-1,-1;MRGID_Sov2 "MRGID_Sov2" true true false 10 Long 0 10 ,First,#,eez_lr_bend_06_01_005_01_all,MRGID_Sov2,-1,-1,copy_eez,MRGID_Sov2,-1,-1;Sovereign2 "Sovereign2" true true false 254 Text 0 0 ,First,#,eez_lr_bend_06_01_005_01_all,Sovereign2,-1,-1,copy_eez,Sovereign2,-1,-1;ISO_Ter2 "ISO_Ter2" true true false 254 Text 0 0 ,First,#,eez_lr_bend_06_01_005_01_all,ISO_Ter2,-1,-1,copy_eez,ISO_Ter2,-1,-1;MRGID_Ter3 "MRGID_Ter3" true true false 10 Long 0 10 ,First,#,eez_lr_bend_06_01_005_01_all,MRGID_Ter3,-1,-1,copy_eez,MRGID_Ter3,-1,-1;Territory3 "Territory3" true true false 254 Text 0 0 ,First,#,eez_lr_bend_06_01_005_01_all,Territory3,-1,-1,copy_eez,Territory3,-1,-1;MRGID_Sov3 "MRGID_Sov3" true true false 10 Long 0 10 ,First,#,eez_lr_bend_06_01_005_01_all,MRGID_Sov3,-1,-1,copy_eez,MRGID_Sov3,-1,-1;Sovereign3 "Sovereign3" true true false 254 Text 0 0 ,First,#,eez_lr_bend_06_01_005_01_all,Sovereign3,-1,-1,copy_eez,Sovereign3,-1,-1;ISO_Ter3 "ISO_Ter3" true true false 254 Text 0 0 ,First,#,eez_lr_bend_06_01_005_01_all,ISO_Ter3,-1,-1,copy_eez,ISO_Ter3,-1,-1;x_1 "x_1" true true false 19 Double 0 0 ,First,#,eez_lr_bend_06_01_005_01_all,x_1,-1,-1,copy_eez,x_1,-1,-1;y_1 "y_1" true true false 19 Double 0 0 ,First,#,eez_lr_bend_06_01_005_01_all,y_1,-1,-1,copy_eez,y_1,-1,-1;Area_km2 "Area_km2" true true false 19 Double 0 0 ,First,#,eez_lr_bend_06_01_005_01_all,Area_km2,-1,-1,copy_eez,Area_km2,-1,-1;MRGID_EEZ "MRGID_EEZ" true true false 10 Long 0 10 ,First,#,eez_lr_bend_06_01_005_01_all,MRGID_EEZ,-1,-1,copy_eez,MRGID_EEZ,-1,-1"</Process></lineage></DataProperties><SyncDate>20161019</SyncDate><SyncTime>15340300</SyncTime><ModDate>20161019</ModDate><ModTime>15340300</ModTime><scaleRange><minScale>150000000</minScale><maxScale>5000</maxScale></scaleRange><ArcGISProfile>ItemDescription</ArcGISProfile></Esri><dataIdInfo><envirDesc Sync="TRUE">Microsoft Windows 7 Version 6.1 (Build 7601) Service Pack 1; Esri ArcGIS 10.4.1.5686</envirDesc><dataLang><languageCode value="eng" Sync="TRUE"/><countryCode value="GBR" Sync="TRUE"/></dataLang><idCitation><resTitle Sync="FALSE">Exclusive Economic Zones (200 NM) V9</resTitle><presForm><PresFormCd value="005" Sync="TRUE"/></presForm></idCitation><spatRpType><SpatRepTypCd value="001" Sync="TRUE"/></spatRpType><dataExt><geoEle xmlns=""><GeoBndBox esriExtentType="search"><exTypeCode Sync="TRUE">1</exTypeCode><westBL Sync="TRUE">-180.000000</westBL><eastBL Sync="TRUE">180.000000</eastBL><northBL Sync="TRUE">86.994005</northBL><southBL Sync="TRUE">-85.562500</southBL></GeoBndBox></geoEle></dataExt><idPurp>Version 9 of the Exclusive Economic Zones from the VLIZ Maritime Boundaries Geodatabase.</idPurp><idAbs>&lt;DIV STYLE="text-align:Left;"&gt;&lt;DIV&gt;&lt;DIV&gt;&lt;P&gt;&lt;SPAN&gt;An exclusive economic zone (EEZ) is a seazone extending from a state's coast or baseline over which the state has special rights over the exploration and use of marine resources. Generally a state's EEZ extends 200 nautical miles out from its coast, except where resulting points would be closer to another country. This dataset also contains delimitation of disputed areas and joint regimes. &lt;/SPAN&gt;&lt;/P&gt;&lt;/DIV&gt;&lt;/DIV&gt;&lt;/DIV&gt;</idAbs><idCredit>Flanders Marine Institute (2016). Maritime Boundaries Geodatabase: Maritime Boundaries and Exclusive Economic Zones (200NM), version 9. Available online at http://www.marineregions.org/</idCredit><searchKeys><keyword>Exclusive economic zones</keyword><keyword>Law of the Sea</keyword></searchKeys><resConst><Consts><useLimit>&lt;DIV STYLE="text-align:Left;"&gt;&lt;DIV&gt;&lt;DIV&gt;&lt;P&gt;&lt;SPAN&gt;CC-By&lt;/SPAN&gt;&lt;/P&gt;&lt;/DIV&gt;&lt;/DIV&gt;&lt;/DIV&gt;</useLimit></Consts></resConst></dataIdInfo><mdLang><languageCode value="eng" Sync="TRUE"/><countryCode value="GBR" Sync="TRUE"/></mdLang><mdChar><CharSetCd value="004" Sync="TRUE"/></mdChar><distInfo><distFormat><formatName Sync="TRUE">Shapefile</formatName></distFormat><distTranOps><transSize Sync="TRUE">0.000</transSize></distTranOps></distInfo><mdHrLv><ScopeCd value="005" Sync="TRUE"/></mdHrLv><mdHrLvName Sync="TRUE">dataset</mdHrLvName><refSysInfo><RefSystem><refSysID><identCode code="4326" Sync="TRUE"/><idCodeSpace Sync="TRUE">EPSG</idCodeSpace><idVersion Sync="TRUE">6.14(3.0.1)</idVersion></refSysID></RefSystem></refSysInfo><spatRepInfo><VectSpatRep><geometObjs Name="eez_lr_v9"><geoObjTyp><GeoObjTypCd value="002" Sync="TRUE"></GeoObjTypCd></geoObjTyp><geoObjCnt Sync="TRUE">0</geoObjCnt></geometObjs><topLvl><TopoLevCd value="001" Sync="TRUE"></TopoLevCd></topLvl></VectSpatRep></spatRepInfo><spdoinfo><ptvctinf><esriterm Name="eez_lr_v9"><efeatyp Sync="TRUE">Simple</efeatyp><efeageom code="4" Sync="TRUE"></efeageom><esritopo Sync="TRUE">FALSE</esritopo><efeacnt Sync="TRUE">0</efeacnt><spindex Sync="TRUE">FALSE</spindex><linrefer Sync="TRUE">FALSE</linrefer></esriterm></ptvctinf></spdoinfo><eainfo><detailed Name="eez_lr_v9"><enttyp><enttypl Sync="TRUE">eez_lr_v9</enttypl><enttypt Sync="TRUE">Feature Class</enttypt><enttypc Sync="TRUE">0</enttypc></enttyp><attr><attrlabl Sync="TRUE">FID</attrlabl><attalias Sync="TRUE">FID</attalias><attrtype Sync="TRUE">OID</attrtype><attwidth Sync="TRUE">4</attwidth><atprecis Sync="TRUE">0</atprecis><attscale Sync="TRUE">0</attscale><attrdef Sync="TRUE">Internal feature number.</attrdef><attrdefs Sync="TRUE">Esri</attrdefs><attrdomv><udom Sync="TRUE">Sequential unique whole numbers that are automatically generated.</udom></attrdomv></attr><attr><attrlabl Sync="TRUE">Shape</attrlabl><attalias Sync="TRUE">Shape</attalias><attrtype Sync="TRUE">Geometry</attrtype><attwidth Sync="TRUE">0</attwidth><atprecis Sync="TRUE">0</atprecis><attscale Sync="TRUE">0</attscale><attrdef Sync="TRUE">Feature geometry.</attrdef><attrdefs Sync="TRUE">Esri</attrdefs><attrdomv><udom Sync="TRUE">Coordinates defining the features.</udom></attrdomv></attr><attr><attrlabl Sync="TRUE">PolygonID</attrlabl><attalias Sync="TRUE">PolygonID</attalias><attrtype Sync="TRUE">Integer</attrtype><attwidth Sync="TRUE">10</attwidth><atprecis Sync="TRUE">10</atprecis><attscale Sync="TRUE">0</attscale></attr><attr><attrlabl Sync="TRUE">MRGID</attrlabl><attalias Sync="TRUE">MRGID</attalias><attrtype Sync="TRUE">Integer</attrtype><attwidth Sync="TRUE">10</attwidth><atprecis Sync="TRUE">10</atprecis><attscale Sync="TRUE">0</attscale></attr><attr><attrlabl Sync="TRUE">GeoName</attrlabl><attalias Sync="TRUE">GeoName</attalias><attrtype Sync="TRUE">String</attrtype><attwidth Sync="TRUE">254</attwidth><atprecis Sync="TRUE">0</atprecis><attscale Sync="TRUE">0</attscale></attr><attr><attrlabl Sync="TRUE">Pol_type</attrlabl><attalias Sync="TRUE">Pol_type</attalias><attrtype Sync="TRUE">String</attrtype><attwidth Sync="TRUE">254</attwidth><atprecis Sync="TRUE">0</atprecis><attscale Sync="TRUE">0</attscale></attr><attr><attrlabl Sync="TRUE">MRGID_Ter1</attrlabl><attalias Sync="TRUE">MRGID_Ter1</attalias><attrtype Sync="TRUE">Integer</attrtype><attwidth Sync="TRUE">10</attwidth><atprecis Sync="TRUE">10</atprecis><attscale Sync="TRUE">0</attscale></attr><attr><attrlabl Sync="TRUE">Territory1</attrlabl><attalias Sync="TRUE">Territory1</attalias><attrtype Sync="TRUE">String</attrtype><attwidth Sync="TRUE">254</attwidth><atprecis Sync="TRUE">0</atprecis><attscale Sync="TRUE">0</attscale></attr><attr><attrlabl Sync="TRUE">MRGID_Sov1</attrlabl><attalias Sync="TRUE">MRGID_Sov1</attalias><attrtype Sync="TRUE">Integer</attrtype><attwidth Sync="TRUE">10</attwidth><atprecis Sync="TRUE">10</atprecis><attscale Sync="TRUE">0</attscale></attr><attr><attrlabl Sync="TRUE">Sovereign1</attrlabl><attalias Sync="TRUE">Sovereign1</attalias><attrtype Sync="TRUE">String</attrtype><attwidth Sync="TRUE">254</attwidth><atprecis Sync="TRUE">0</atprecis><attscale Sync="TRUE">0</attscale></attr><attr><attrlabl Sync="TRUE">ISO_Ter1</attrlabl><attalias Sync="TRUE">ISO_Ter1</attalias><attrtype Sync="TRUE">String</attrtype><attwidth Sync="TRUE">254</attwidth><atprecis Sync="TRUE">0</atprecis><attscale Sync="TRUE">0</attscale></attr><attr><attrlabl Sync="TRUE">MRGID_Ter2</attrlabl><attalias Sync="TRUE">MRGID_Ter2</attalias><attrtype Sync="TRUE">Integer</attrtype><attwidth Sync="TRUE">10</attwidth><atprecis Sync="TRUE">10</atprecis><attscale Sync="TRUE">0</attscale></attr><attr><attrlabl Sync="TRUE">Territory2</attrlabl><attalias Sync="TRUE">Territory2</attalias><attrtype Sync="TRUE">String</attrtype><attwidth Sync="TRUE">254</attwidth><atprecis Sync="TRUE">0</atprecis><attscale Sync="TRUE">0</attscale></attr><attr><attrlabl Sync="TRUE">MRGID_Sov2</attrlabl><attalias Sync="TRUE">MRGID_Sov2</attalias><attrtype Sync="TRUE">Integer</attrtype><attwidth Sync="TRUE">10</attwidth><atprecis Sync="TRUE">10</atprecis><attscale Sync="TRUE">0</attscale></attr><attr><attrlabl Sync="TRUE">Sovereign2</attrlabl><attalias Sync="TRUE">Sovereign2</attalias><attrtype Sync="TRUE">String</attrtype><attwidth Sync="TRUE">254</attwidth><atprecis Sync="TRUE">0</atprecis><attscale Sync="TRUE">0</attscale></attr><attr><attrlabl Sync="TRUE">ISO_Ter2</attrlabl><attalias Sync="TRUE">ISO_Ter2</attalias><attrtype Sync="TRUE">String</attrtype><attwidth Sync="TRUE">254</attwidth><atprecis Sync="TRUE">0</atprecis><attscale Sync="TRUE">0</attscale></attr><attr><attrlabl Sync="TRUE">MRGID_Ter3</attrlabl><attalias Sync="TRUE">MRGID_Ter3</attalias><attrtype Sync="TRUE">Integer</attrtype><attwidth Sync="TRUE">10</attwidth><atprecis Sync="TRUE">10</atprecis><attscale Sync="TRUE">0</attscale></attr><attr><attrlabl Sync="TRUE">Territory3</attrlabl><attalias Sync="TRUE">Territory3</attalias><attrtype Sync="TRUE">String</attrtype><attwidth Sync="TRUE">254</attwidth><atprecis Sync="TRUE">0</atprecis><attscale Sync="TRUE">0</attscale></attr><attr><attrlabl Sync="TRUE">MRGID_Sov3</attrlabl><attalias Sync="TRUE">MRGID_Sov3</attalias><attrtype Sync="TRUE">Integer</attrtype><attwidth Sync="TRUE">10</attwidth><atprecis Sync="TRUE">10</atprecis><attscale Sync="TRUE">0</attscale></attr><attr><attrlabl Sync="TRUE">Sovereign3</attrlabl><attalias Sync="TRUE">Sovereign3</attalias><attrtype Sync="TRUE">String</attrtype><attwidth Sync="TRUE">254</attwidth><atprecis Sync="TRUE">0</atprecis><attscale Sync="TRUE">0</attscale></attr><attr><attrlabl Sync="TRUE">ISO_Ter3</attrlabl><attalias Sync="TRUE">ISO_Ter3</attalias><attrtype Sync="TRUE">String</attrtype><attwidth Sync="TRUE">254</attwidth><atprecis Sync="TRUE">0</atprecis><attscale Sync="TRUE">0</attscale></attr><attr><attrlabl Sync="TRUE">x_1</attrlabl><attalias Sync="TRUE">x_1</attalias><attrtype Sync="TRUE">Double</attrtype><attwidth Sync="TRUE">19</attwidth><atprecis Sync="TRUE">0</atprecis><attscale Sync="TRUE">0</attscale></attr><attr><attrlabl Sync="TRUE">y_1</attrlabl><attalias Sync="TRUE">y_1</attalias><attrtype Sync="TRUE">Double</attrtype><attwidth Sync="TRUE">19</attwidth><atprecis Sync="TRUE">0</atprecis><attscale Sync="TRUE">0</attscale></attr><attr><attrlabl Sync="TRUE">Area_km2</attrlabl><attalias Sync="TRUE">Area_km2</attalias><attrtype Sync="TRUE">Double</attrtype><attwidth Sync="TRUE">19</attwidth><atprecis Sync="TRUE">0</atprecis><attscale Sync="TRUE">0</attscale></attr><attr><attrlabl Sync="TRUE">MRGID_EEZ</attrlabl><attalias Sync="TRUE">MRGID_EEZ</attalias><attrtype Sync="TRUE">Integer</attrtype><attwidth Sync="TRUE">10</attwidth><atprecis Sync="TRUE">10</atprecis><attscale Sync="TRUE">0</attscale></attr></detailed></eainfo><mdDateSt Sync="TRUE">20161019</mdDateSt></metadata>
